{
    "wx200_4": {
        "num_seg": 15,
        "dof": 4,
        "ori": [0, 0, 0],
        "voxel_size": 0.003,
        "collision_exclusion" : false,
        "excluded_pairs": [],
        "cam_dist": 1.5,
        "sim_ori": [0, 0, 0],
        "gt": "Robot/interbotix_descriptions/urdf/wx200_real.urdf",
        "front" : [ -0.19209280826618144, -0.94709449368935994, 0.25712326428331428 ],
                        "lookat" : [ 0.078037024944715719, 0.039924969148145979, 0.15264081566790344 ],
                        "up" : [ 0.023104537276382189, 0.25756552379400527, 0.96598456577212677 ],
                        "zoom" : 0.47999999999999976
    },
    "wx200_5": {
        "num_seg": 20,
        "dof": 5,
        "ori": [0, 0, 0], 
        "voxel_size": 0.003,
        "collision_exclusion" : false,
        "excluded_pairs": [],
        "cam_dist": 1.5,
        "sim_ori": [0, 0, 0],
        "gt": "Robot/interbotix_descriptions/urdf/wx200_real.urdf",
        "front" : [ -0.19209280826618144, -0.94709449368935994, 0.25712326428331428 ],
                        "lookat" : [ 0.078037024944715719, 0.039924969148145979, 0.15264081566790344 ],
                        "up" : [ 0.023104537276382189, 0.25756552379400527, 0.96598456577212677 ],
                        "zoom" : 0.47999999999999976
    },

    "franka": {
        "num_seg": 20,
        "dof": 6,
        "ori": [0, 0, 0],
        "voxel_size": 0.005,
        "collision_exclusion" : false,
        "excluded_pairs": [],
        "cam_dist": 2.5,
        "sim_ori": [0, 0, 0],
        "gt": "Robot/franka/franka_panda.urdf",
        "front" : [ -0.2639695310122257, -0.96447278158269278, 0.010599069927558819 ],
                        "lookat" : [ 0.14501091839121052, 0.069868894825767733, 0.35958334854981344 ],
                        "up" : [ 0.043044811949643755, -0.00080176045068308492, 0.99907282084160398 ],
                        "zoom" : 0.59999999999999987
    },
    "ur5": {
        "num_seg": 20,
        "dof": 5,
        "ori": [0, 0, 0],
        "voxel_size": 0.005,
        "collision_exclusion" : false,
        "excluded_pairs": [],
        "cam_dist": 2.5,
        "sim_ori": [0, 0, 0],
        "gt": "Robot/ur_e_description/urdf/ur5e.urdf",
        "front" : [ -0.90924656802997461, -0.40974350232021528, 0.073354896442409695 ],
                        "lookat" : [ 0.12264220973952901, 0.073245897581085795, 0.52857337449916708 ],
                        "up" : [ -0.22732974433739417, 0.63641672038380925, 0.737085439657718 ],
                        "zoom" : 0.59999999999999987
    },
    "bolt":{
        "num_seg": 30,
        "dof": 6,
        "ori": [0, 0, 0],
        "voxel_size": 0.003,
        "collision_exclusion" : false,
        "excluded_pairs": [],
        "cam_dist": 2.5,
        "sim_ori": [0, -0.785, 0.785],
        "gt" : "Robot/bolt/bolt.urdf",
        "front" : [ 0.90025429121918987, 0.36661656484805949, 0.23480737961240231 ],
                        "lookat" : [ 0.033664688342357391, 0.060116723355569432, -0.003892931434867946 ],
                        "up" : [ -0.25354340442673379, 0.003054564745609209, 0.96731918812040352 ],
                        "zoom" : 0.45999999999999974
    },
    "allegro": {
        "num_seg": 30,
        "dof": 11,
        "ori": [0, 0, -1.57],
        "voxel_size": 0.003,
        "collision_exclusion" : true,
    	"excluded_pairs": [],
        "cam_dist": 0.5,
        "sim_ori": [0, -0.314, 0.785],
        "gt" : "Robot/allegro_hand_description/allegro_hand_description_left_angle.urdf",
        "front" : [ 0.63891015488700231, 0.70365260583495992, 0.31091288857803473 ],
                        "lookat" : [ 0.067292782589553415, 0.05650300249961282, 0.14306293966038544 ],
                        "up" : [ -0.26238597822451398, -0.18059651894160439, 0.94791270472408984 ],
                        "zoom" : 0.41999999999999971
    },
    "allegro_16": {
        "num_seg": 35,
        "dof": 16,
        "ori": [0, 0, -1.57],
        "voxel_size": 0.003,
        "collision_exclusion" : true,
    	"excluded_pairs": [],
        "cam_dist": 0.5,
        "sim_ori": [0, -0.314, 0.785],
        "gt" : "Robot/allegro_hand_description/allegro_hand_description_left.urdf",
        "front" : [ 0.63891015488700231, 0.70365260583495992, 0.31091288857803473 ],
                        "lookat" : [ 0.067292782589553415, 0.05650300249961282, 0.14306293966038544 ],
                        "up" : [ -0.26238597822451398, -0.18059651894160439, 0.94791270472408984 ],
                        "zoom" : 0.41999999999999971
    },

    "solo8":{
        "num_seg": 35,
        "dof": 8,
        "ori": [0, 0, 0],
        "voxel_size": 0.003,
        "collision_exclusion" : false,
        "excluded_pairs": [],
        "cam_dist": 2.5,
        "sim_ori": [0, 0, 0],
        "gt" : "Robot/robot_properties_solo/resources/xacro/solo8.urdf",
        "front" : [ 0.90025429121918987, 0.36661656484805949, 0.23480737961240231 ],
                        "lookat" : [ 0.033664688342357391, 0.060116723355569432, -0.003892931434867946 ],
                        "up" : [ -0.25354340442673379, 0.003054564745609209, 0.96731918812040352 ],
                        "zoom" : 0.45999999999999974
    },

    "nao":{
        "num_seg": 35,
        "dof": 11,
        "ori": [0, 0, 0],
        "voxel_size": 0.003,
        "collision_exclusion" : false,
        "excluded_pairs": [],
        "cam_dist": 2.5,
        "sim_ori": [0, 0, 0],
        "gt" : "Robot/nao/urdf/naov40.urdf",
        "front" : [ 0.90025429121918987, 0.36661656484805949, 0.23480737961240231 ],
                        "lookat" : [ 0.033664688342357391, 0.060116723355569432, -0.003892931434867946 ],
                        "up" : [ -0.25354340442673379, 0.003054564745609209, 0.96731918812040352 ],
                        "zoom" : 0.45999999999999974
    },

    "pxs": {
        "num_seg": 45,
        "dof": 18,
        "ori": [0, 0, 0],
        "voxel_size": 0.003,
        "collision_exclusion" : false,
    	"excluded_pairs": [],
        "cam_dist": 1.0,
        "sim_ori": [0, 0, 0],
        "gt": "Robot/interbotix_xshexapod_descriptions/urdf/pxmark4s.urdf",
        "front" : [ 0.90025429121918987, 0.36661656484805949, 0.23480737961240231 ],
                        "lookat" : [ 0.033664688342357391, 0.060116723355569432, -0.003892931434867946 ],
                        "up" : [ -0.25354340442673379, 0.003054564745609209, 0.96731918812040352 ],
                        "zoom" : 0.45999999999999974
    },

    "op3": {
        "num_seg":45,
        "dof": 13,
        "ori": [0, 0, 0],
        "voxel_size": 0.004,
        "collision_exclusion" : true,
    	"excluded_pairs": [["l_hip_yaw_link", "l_hip_pitch_link"],
        		   ["r_hip_yaw_link", "r_hip_pitch_link"],
        		   ["l_knee_link", "l_ank_roll_link"],
        		   ["r_knee_link", "r_ank_roll_link"]],
        "cam_dist": 1,
        "sim_ori": [0, 0, 0],
        "gt": "Robot/ROBOTIS-OP3-Common-master/op3_description/op3_description/robotis_op3.urdf",
        "front" : [ 0.90025429121918987, 0.36661656484805949, 0.23480737961240231 ],
                        "lookat" : [ 0.033664688342357391, 0.060116723355569432, -0.003892931434867946 ],
                        "up" : [ -0.25354340442673379, 0.003054564745609209, 0.96731918812040352 ],
                        "zoom" : 0.45999999999999974
    },


    "laptop": {
        "num_seg": 10,
        "dof": 1,
        "ori": [0, 0, 0],
        "voxel_size": 0.02,
        "collision_exclusion" : false,
        "excluded_pairs": [],
        "cam_dist": 2.5,
        "sim_ori": [0, -0.785, 0.785],
        "gt" : "Robot/Sapien/laptop/laptop.urdf",
        "front" : [ 0.90025429121918987, 0.36661656484805949, 0.23480737961240231 ],
                        "lookat" : [ 0.033664688342357391, 0.060116723355569432, -0.003892931434867946 ],
                        "up" : [ -0.25354340442673379, 0.003054564745609209, 0.96731918812040352 ],